{"train/loss": 0.1347, "train/learning_rate": 2.7644901830033107e-05, "train/epoch": 3.0, "train/global_step": 236, "_timestamp": 1698737933.822156, "_runtime": 303.5428829193115, "_step": 5, "eval/loss": 0.23290956020355225, "eval/bleu": 86.0448, "eval/exact_match": 0.757, "eval/spot_acc": 0.7579, "eval/gen_len": 14.7755, "eval/runtime": 45.8984, "eval/samples_per_second": 23.487, "eval/steps_per_second": 1.482}