{"train/loss": 2.6092, "train/learning_rate": 0.0004712858930030306, "train/epoch": 9.0, "train/global_step": 711, "_timestamp": 1698659541.4779904, "_runtime": 1711.1587793827057, "_step": 18, "eval/loss": 15.334348678588867, "eval/bleu": 0.4583, "eval/exact_match": 0.0, "eval/spot_acc": 0.0, "eval/gen_len": 20.0, "eval/runtime": 44.3721, "eval/samples_per_second": 24.295, "eval/steps_per_second": 1.532, "train/train_runtime": 1693.2609, "train/train_samples_per_second": 148.5, "train/train_steps_per_second": 2.333, "train/total_flos": 3588731570036736.0, "train/train_loss": 1.7422879697904305, "_wandb": {"runtime": 1710}}