{"train/loss": 0.0638, "train/learning_rate": 4.175854617153143e-05, "train/epoch": 24.0, "train/global_step": 474, "_timestamp": 1698674860.0034583, "_runtime": 2526.7929842472076, "_step": 48, "eval/loss": 0.29703137278556824, "eval/bleu": 88.3813, "eval/exact_match": 0.7347, "eval/spot_acc": 0.7393, "eval/gen_len": 15.026, "eval/runtime": 39.8671, "eval/samples_per_second": 27.04, "eval/steps_per_second": 1.706, "train/train_runtime": 2507.131, "train/train_samples_per_second": 100.294, "train/train_steps_per_second": 0.379, "train/total_flos": 9580007573225472.0, "train/train_loss": 0.30569742274183764, "_wandb": {"runtime": 2526}}