{"train/loss": 0.0599, "train/learning_rate": 0.00018580974924565106, "train/epoch": 16.0, "train/global_step": 316, "_timestamp": 1698690924.4240804, "_runtime": 698.998387336731, "_step": 32, "eval/loss": 0.07506266981363297, "eval/bleu": 89.4332, "eval/exact_match": 0.7282, "eval/spot_acc": 0.756, "eval/gen_len": 15.2996, "eval/runtime": 29.9245, "eval/samples_per_second": 36.024, "eval/steps_per_second": 2.272, "train/train_runtime": 687.8987, "train/train_samples_per_second": 365.533, "train/train_steps_per_second": 1.381, "train/total_flos": 1796083536199680.0, "train/train_loss": 0.3374773120578331, "_wandb": {"runtime": 698}}