{"train/loss": 1.3546, "train/learning_rate": 0.0001583262199109028, "train/epoch": 10.0, "train/global_step": 6290, "_timestamp": 1698653473.3000588, "_runtime": 3052.509286880493, "_step": 20, "eval/loss": 1.3000818490982056, "eval/bleu": 14.0946, "eval/exact_match": 0.0, "eval/spot_acc": 0.0, "eval/gen_len": 20.0, "eval/runtime": 44.8871, "eval/samples_per_second": 24.016, "eval/steps_per_second": 1.515, "train/train_runtime": 3033.4362, "train/train_samples_per_second": 82.893, "train/train_steps_per_second": 10.368, "train/total_flos": 2913291201183744.0, "train/train_loss": 0.9827773635451859, "_wandb": {"runtime": 3051}}