{"train/loss": 6.5993, "train/learning_rate": 1.624749612285061e-05, "train/epoch": 0.03, "train/global_step": 5, "_timestamp": 1698514682.6152122, "_runtime": 6.012007236480713, "_step": 4, "_wandb": {"runtime": 5}}