{"train/loss": 0.0519, "train/learning_rate": 0.0001852253417956546, "train/epoch": 35.0, "train/global_step": 11007, "_timestamp": 1698661786.4015744, "_runtime": 3911.8095433712006, "_step": 70, "eval/loss": 0.08337623625993729, "eval/bleu": 87.1066, "eval/exact_match": 0.7245, "eval/spot_acc": 0.7282, "eval/gen_len": 14.9332, "eval/runtime": 27.3122, "eval/samples_per_second": 39.469, "eval/steps_per_second": 2.49, "train/train_runtime": 3898.4396, "train/train_samples_per_second": 64.5, "train/train_steps_per_second": 4.027, "train/total_flos": 2869565061242880.0, "train/train_loss": 0.1199523022619528, "_wandb": {"runtime": 3915}}