{"train/loss": 0.0583, "train/learning_rate": 5.6098216390448946e-05, "train/epoch": 13.0, "train/global_step": 4088, "_timestamp": 1698598022.9954782, "_runtime": 1409.0944302082062, "_step": 26, "eval/loss": 0.07774648815393448, "eval/bleu": 88.1778, "eval/exact_match": 0.7393, "eval/spot_acc": 0.7403, "eval/gen_len": 14.9685, "eval/runtime": 28.4795, "eval/samples_per_second": 37.852, "eval/steps_per_second": 2.388, "train/train_runtime": 1393.7789, "train/train_samples_per_second": 90.204, "train/train_steps_per_second": 5.632, "train/total_flos": 1066994143488000.0, "train/train_loss": 0.09546496070294465, "_wandb": {"runtime": 1407}}