{"train/loss": 0.0482, "train/learning_rate": 2.7393767015632327e-05, "train/epoch": 30.0, "train/global_step": 1185, "_timestamp": 1698679490.3024125, "_runtime": 3159.714525461197, "_step": 60, "eval/loss": 0.26924067735671997, "eval/bleu": 83.1369, "eval/exact_match": 0.6531, "eval/spot_acc": 0.6633, "eval/gen_len": 14.8618, "eval/runtime": 39.1665, "eval/samples_per_second": 27.524, "eval/steps_per_second": 1.736, "train/train_runtime": 3138.607, "train/train_samples_per_second": 80.115, "train/train_steps_per_second": 0.621, "train/total_flos": 1.1967670092742656e+16, "train/train_loss": 0.20817288718646085, "_wandb": {"runtime": 3159}}