{"train/loss": 0.0671, "train/learning_rate": 0.0002924089219283765, "train/epoch": 28.0, "train/global_step": 8806, "_timestamp": 1698664416.9425023, "_runtime": 2599.9916603565216, "_step": 54, "eval/loss": 0.08203113824129105, "eval/bleu": 87.8807, "eval/exact_match": 0.7393, "eval/spot_acc": 0.7403, "eval/gen_len": 15.1809, "eval/runtime": 28.2502, "eval/samples_per_second": 38.159, "eval/steps_per_second": 2.407}