{"train/loss": 0.0604, "train/learning_rate": 0.00017684564918611808, "train/epoch": 35.0, "train/global_step": 22015, "_timestamp": 1698651673.3990476, "_runtime": 3620.335951566696, "_step": 70, "eval/loss": 0.08082135021686554, "eval/bleu": 86.6504, "eval/exact_match": 0.7069, "eval/spot_acc": 0.7078, "eval/gen_len": 15.1698, "eval/runtime": 27.6476, "eval/samples_per_second": 38.991, "eval/steps_per_second": 2.46, "train/train_runtime": 3607.2846, "train/train_samples_per_second": 69.706, "train/train_steps_per_second": 8.718, "train/total_flos": 2869565061242880.0, "train/train_loss": 0.1201879911576513, "_wandb": {"runtime": 3619}}