{"train/loss": 0.0908, "train/learning_rate": 0.00038873841411185225, "train/epoch": 17.0, "train/global_step": 10693, "_timestamp": 1698649639.6435666, "_runtime": 1586.5804705619812, "_step": 32, "eval/loss": 0.08540153503417969, "eval/bleu": 87.2633, "eval/exact_match": 0.7338, "eval/spot_acc": 0.7365, "eval/gen_len": 14.8071, "eval/runtime": 24.2337, "eval/samples_per_second": 44.483, "eval/steps_per_second": 2.806}