{"train/loss": 0.1244, "train/learning_rate": 1.6924475127969385e-07, "train/epoch": 3.0, "train/global_step": 405, "_timestamp": 1698780366.3252292, "_runtime": 84.4373471736908, "_step": 6, "eval/loss": 0.05988312512636185, "eval/bleu": 90.3446, "eval/exact_match": 0.7959, "eval/spot_acc": 0.7959, "eval/gen_len": 13.9892, "eval/runtime": 11.1401, "eval/samples_per_second": 83.123, "eval/steps_per_second": 2.603, "train/train_runtime": 84.4454, "train/train_samples_per_second": 153.401, "train/train_steps_per_second": 4.796, "train/total_flos": 269871500021760.0, "train/train_loss": 0.6267351692105517, "_wandb": {"runtime": 254}}