{"train/loss": 2.5877, "train/learning_rate": 0.0005290420035719813, "train/epoch": 8.99, "train/global_step": 355, "_timestamp": 1698657808.035229, "_runtime": 1029.9347760677338, "_step": 18, "eval/loss": 12.168776512145996, "eval/bleu": 0.3411, "eval/exact_match": 0.0, "eval/spot_acc": 0.0, "eval/gen_len": 20.0, "eval/runtime": 43.4981, "eval/samples_per_second": 24.783, "eval/steps_per_second": 1.563, "train/train_runtime": 1012.4426, "train/train_samples_per_second": 248.36, "train/train_steps_per_second": 1.926, "train/total_flos": 3588731570036736.0, "train/train_loss": 1.6656755514547859, "_wandb": {"runtime": 1029}}