{"train/loss": 0.0612, "train/learning_rate": 8.360667443789328e-05, "train/epoch": 12.0, "train/global_step": 474, "_timestamp": 1698588992.5340831, "_runtime": 1590.656723022461, "_step": 24, "eval/loss": 0.07119812071323395, "eval/bleu": 88.2811, "eval/exact_match": 0.7356, "eval/spot_acc": 0.744, "eval/gen_len": 15.1011, "eval/runtime": 26.9675, "eval/samples_per_second": 39.974, "eval/steps_per_second": 2.522, "train/train_runtime": 1578.1409, "train/train_samples_per_second": 79.667, "train/train_steps_per_second": 0.618, "train/total_flos": 1237659020881920.0, "train/train_loss": 0.1666129882828596, "_wandb": {"runtime": 1589}}