{"train/loss": 0.0818, "train/learning_rate": 3.84889567506211e-05, "train/epoch": 14.0, "train/global_step": 1106, "_timestamp": 1698680758.6500852, "_runtime": 1234.32439827919, "_step": 28, "eval/loss": 0.2981332540512085, "eval/bleu": 87.7167, "eval/exact_match": 0.7338, "eval/spot_acc": 0.7486, "eval/gen_len": 15.1095, "eval/runtime": 43.1735, "eval/samples_per_second": 24.969, "eval/steps_per_second": 1.575, "train/train_runtime": 1209.3054, "train/train_samples_per_second": 207.929, "train/train_steps_per_second": 3.266, "train/total_flos": 5581822328487936.0, "train/train_loss": 0.3056146063813249, "_wandb": {"runtime": 1233}}