{"train/loss": 0.0716, "train/learning_rate": 4.390868164513036e-05, "train/epoch": 18.0, "train/global_step": 474, "_timestamp": 1698734734.4043329, "_runtime": 1572.055918931961, "_step": 36, "eval/loss": 0.284737229347229, "eval/bleu": 89.0779, "eval/exact_match": 0.7319, "eval/spot_acc": 0.7607, "eval/gen_len": 14.9583, "eval/runtime": 46.3143, "eval/samples_per_second": 23.276, "eval/steps_per_second": 1.468, "train/train_runtime": 1556.6204, "train/train_samples_per_second": 161.536, "train/train_steps_per_second": 0.835, "train/total_flos": 6585339901181952.0, "train/train_loss": 0.34462795478885183, "_wandb": {"runtime": 1571}}