{"train/loss": 0.0582, "train/learning_rate": 8.832024819455925e-05, "train/epoch": 19.0, "train/global_step": 3002, "_timestamp": 1698594163.9190261, "_runtime": 1729.2501530647278, "_step": 38, "eval/loss": 0.08805543184280396, "eval/bleu": 88.1521, "eval/exact_match": 0.7384, "eval/spot_acc": 0.7449, "eval/gen_len": 15.0019, "eval/runtime": 28.9251, "eval/samples_per_second": 37.269, "eval/steps_per_second": 2.351, "train/train_runtime": 1714.6612, "train/train_samples_per_second": 73.324, "train/train_steps_per_second": 2.304, "train/total_flos": 1959450034913280.0, "train/train_loss": 0.12505237393820787, "_wandb": {"runtime": 1727}}