{"train/loss": 0.0567, "train/learning_rate": 0.00028114745684201445, "train/epoch": 28.0, "train/global_step": 4410, "_timestamp": 1698655378.0933895, "_runtime": 2301.4298655986786, "_step": 56, "eval/loss": 0.08161701261997223, "eval/bleu": 86.596, "eval/exact_match": 0.7152, "eval/spot_acc": 0.7199, "eval/gen_len": 14.9267, "eval/runtime": 27.7143, "eval/samples_per_second": 38.897, "eval/steps_per_second": 2.454, "train/train_runtime": 2288.6785, "train/train_samples_per_second": 109.867, "train/train_steps_per_second": 3.43, "train/total_flos": 2580188544460800.0, "train/train_loss": 0.12943636814212583, "_wandb": {"runtime": 2300}}