{"train/loss": 0.0563, "train/learning_rate": 4.644689061015324e-08, "train/epoch": 25.0, "train/global_step": 1975, "_timestamp": 1698573018.7089345, "_runtime": 2529.708594560623, "_step": 50, "eval/loss": 0.06983615458011627, "eval/bleu": 89.0923, "eval/exact_match": 0.7356, "eval/spot_acc": 0.7783, "eval/gen_len": 15.0853, "eval/runtime": 27.686, "eval/samples_per_second": 38.937, "eval/steps_per_second": 2.456, "train/train_runtime": 2515.0294, "train/train_samples_per_second": 49.989, "train/train_steps_per_second": 0.785, "train/total_flos": 2578890472704000.0, "train/train_loss": 0.10255805945094627, "_wandb": {"runtime": 2529}}