{"train/loss": 0.0535, "train/learning_rate": 9.728300067924401e-05, "train/epoch": 18.99, "train/global_step": 997, "_timestamp": 1698671574.433178, "_runtime": 1216.138291835785, "_step": 38, "eval/loss": 0.07763602584600449, "eval/bleu": 89.3109, "eval/exact_match": 0.7384, "eval/spot_acc": 0.7393, "eval/gen_len": 15.0733, "eval/runtime": 35.5637, "eval/samples_per_second": 30.312, "eval/steps_per_second": 1.912, "train/train_runtime": 1205.1574, "train/train_samples_per_second": 208.645, "train/train_steps_per_second": 2.157, "train/total_flos": 1751049377925120.0, "train/train_loss": 0.2224361071495737, "_wandb": {"runtime": 1215}}