{"train/loss": 5.9329, "train/learning_rate": 1.624749612285061e-05, "train/epoch": 0.0, "train/global_step": 4, "_timestamp": 1698515121.4476728, "_runtime": 5.180969953536987, "_step": 3, "_wandb": {"runtime": 4}}