{"train/loss": 0.0773, "train/learning_rate": 1.3329112801812947e-05, "train/epoch": 13.97, "train/global_step": 276, "_timestamp": 1698582001.653932, "_runtime": 853.0354909896851, "_step": 26, "eval/loss": 0.06762052327394485, "eval/bleu": 88.7058, "eval/exact_match": 0.7338, "eval/spot_acc": 0.7616, "eval/gen_len": 15.0455, "eval/runtime": 25.5078, "eval/samples_per_second": 42.262, "eval/steps_per_second": 2.666}