{"train/loss": 0.0527, "train/learning_rate": 4.1780110467596045e-05, "train/epoch": 16.0, "train/global_step": 1264, "_timestamp": 1698585177.9567628, "_runtime": 1068.9339208602905, "_step": 30, "eval/loss": 0.07646005600690842, "eval/bleu": 88.9991, "eval/exact_match": 0.7282, "eval/spot_acc": 0.7857, "eval/gen_len": 15.0566, "eval/runtime": 27.279, "eval/samples_per_second": 39.518, "eval/steps_per_second": 2.493}