Epoch,Training Loss,Validation Loss,Bleu,Exact Match,Spot Accuracy,Gen Len
1.0,0.3401,0.2804368734359741,63.4345,0.2672,0.2681,14.7338
2.0,0.4748,0.2065223902463913,73.0528,0.4128,0.4128,14.8683
