{"train/loss": 0.0597, "train/learning_rate": 8.994315886992257e-06, "train/epoch": 16.0, "train/global_step": 2520, "_timestamp": 1698603899.2808669, "_runtime": 1769.2715637683868, "_step": 32, "eval/loss": 0.07036770135164261, "eval/bleu": 88.6304, "eval/exact_match": 0.731, "eval/spot_acc": 0.7458, "eval/gen_len": 15.1169, "eval/runtime": 26.1739, "eval/samples_per_second": 41.186, "eval/steps_per_second": 2.598, "train/train_runtime": 1756.3695, "train/train_samples_per_second": 71.582, "train/train_steps_per_second": 2.235, "train/total_flos": 1476039180994560.0, "train/train_loss": 0.10909079710642497, "_wandb": {"runtime": 1768}}