{"train/loss": 0.5456, "train/learning_rate": 0.00013407409151211202, "train/epoch": 10.0, "train/global_step": 1575, "_timestamp": 1698735691.4214094, "_runtime": 1097.624478340149, "_step": 20, "eval/loss": 0.5668633580207825, "eval/bleu": 26.3768, "eval/exact_match": 0.0037, "eval/spot_acc": 0.0037, "eval/gen_len": 16.0, "eval/runtime": 38.8116, "eval/samples_per_second": 27.775, "eval/steps_per_second": 1.752, "train/train_runtime": 1070.6362, "train/train_samples_per_second": 234.86, "train/train_steps_per_second": 7.332, "train/total_flos": 3272363926511616.0, "train/train_loss": 0.5612848530118427, "_wandb": {"runtime": 1097}}