{"train/loss": 0.3645, "train/learning_rate": 0.0001500169992420623, "train/epoch": 5.0, "train/global_step": 787, "_timestamp": 1698735143.0830543, "_runtime": 549.2861232757568, "_step": 9, "eval/loss": 0.6336960196495056, "eval/bleu": 28.2831, "eval/exact_match": 0.0028, "eval/spot_acc": 0.0028, "eval/gen_len": 18.0, "eval/runtime": 45.434, "eval/samples_per_second": 23.727, "eval/steps_per_second": 1.497}