{"train/loss": 0.0873, "train/learning_rate": 3.8176852861060984e-05, "train/epoch": 14.96, "train/global_step": 197, "_timestamp": 1698737947.1340346, "_runtime": 1170.64288854599, "_step": 29, "eval/loss": 0.20952628552913666, "eval/bleu": 87.4543, "eval/exact_match": 0.7263, "eval/spot_acc": 0.7597, "eval/gen_len": 15.3043, "eval/runtime": 44.8701, "eval/samples_per_second": 24.025, "eval/steps_per_second": 1.515}