{"train/loss": 0.101, "train/learning_rate": 2.3524010309809732e-05, "train/epoch": 5.97, "train/global_step": 118, "_timestamp": 1698605926.8185835, "_runtime": 534.3993005752563, "_step": 11, "eval/loss": 0.0725313127040863, "eval/bleu": 88.2334, "eval/exact_match": 0.7245, "eval/spot_acc": 0.7607, "eval/gen_len": 15.0761, "eval/runtime": 25.0165, "eval/samples_per_second": 43.092, "eval/steps_per_second": 2.718}