{"train/loss": 7.7653, "train/learning_rate": 1.624749612285061e-05, "train/epoch": 0.01, "train/global_step": 4, "_timestamp": 1698514781.3569615, "_runtime": 5.291448593139648, "_step": 3, "_wandb": {"runtime": 4}}