{"train/loss": 0.0808, "train/learning_rate": 1.1215295575041393e-05, "train/epoch": 13.0, "train/global_step": 2047, "_timestamp": 1698733153.7276576, "_runtime": 1488.6338155269623, "_step": 26, "eval/loss": 0.20976395905017853, "eval/bleu": 88.8893, "eval/exact_match": 0.7301, "eval/spot_acc": 0.7829, "eval/gen_len": 15.2217, "eval/runtime": 45.4748, "eval/samples_per_second": 23.705, "eval/steps_per_second": 1.495, "train/train_runtime": 1473.9356, "train/train_samples_per_second": 170.598, "train/train_steps_per_second": 5.326, "train/total_flos": 4259217649950720.0, "train/train_loss": 0.3456842476528449, "_wandb": {"runtime": 1488}}