{"train/loss": 0.3424, "train/learning_rate": 0.0002998608508250635, "train/epoch": 8.0, "train/global_step": 5032, "_timestamp": 1698599018.1148784, "_runtime": 982.0112593173981, "_step": 16, "eval/loss": 0.32508406043052673, "eval/bleu": 75.0638, "eval/exact_match": 0.2941, "eval/spot_acc": 0.2941, "eval/gen_len": 14.1271, "eval/runtime": 25.429, "eval/samples_per_second": 42.393, "eval/steps_per_second": 2.674, "train/train_runtime": 968.1459, "train/train_samples_per_second": 129.862, "train/train_steps_per_second": 16.242, "train/total_flos": 656698074439680.0, "train/train_loss": 0.3607254361878897, "_wandb": {"runtime": 981}}