{"train/loss": 0.0551, "train/learning_rate": 0.00021792299416544875, "train/epoch": 29.0, "train/global_step": 4560, "_timestamp": 1698657859.9856558, "_runtime": 2462.9809288978577, "_step": 58, "eval/loss": 0.0806308388710022, "eval/bleu": 87.2607, "eval/exact_match": 0.7291, "eval/spot_acc": 0.7319, "eval/gen_len": 15.013, "eval/runtime": 27.0602, "eval/samples_per_second": 39.837, "eval/steps_per_second": 2.513, "train/train_runtime": 2449.4869, "train/train_samples_per_second": 102.654, "train/train_steps_per_second": 3.205, "train/total_flos": 2378174043248640.0, "train/train_loss": 0.12280121853477076, "_wandb": {"runtime": 2463}}