{"train/loss": 0.0533, "train/learning_rate": 7.464667783509504e-05, "train/epoch": 18.0, "train/global_step": 2830, "_timestamp": 1698668601.296391, "_runtime": 1367.6744940280914, "_step": 36, "eval/loss": 0.07880675792694092, "eval/bleu": 88.7033, "eval/exact_match": 0.7338, "eval/spot_acc": 0.7829, "eval/gen_len": 15.0343, "eval/runtime": 29.3683, "eval/samples_per_second": 36.706, "eval/steps_per_second": 2.315, "train/train_runtime": 1344.7402, "train/train_samples_per_second": 186.988, "train/train_steps_per_second": 5.838, "train/total_flos": 1477290212536320.0, "train/train_loss": 0.1833945287832523, "_wandb": {"runtime": 1367}}