{"train/loss": 0.1107, "train/learning_rate": 6.24358182966974e-05, "train/epoch": 3.0, "train/global_step": 471, "_timestamp": 1698667486.1467905, "_runtime": 252.52489352226257, "_step": 5, "eval/loss": 0.07874468713998795, "eval/bleu": 88.4411, "eval/exact_match": 0.7356, "eval/spot_acc": 0.7709, "eval/gen_len": 15.0371, "eval/runtime": 27.2534, "eval/samples_per_second": 39.555, "eval/steps_per_second": 2.495}