{"train/loss": 0.2032, "train/learning_rate": 9.100235986239098e-06, "train/epoch": 2.0, "train/global_step": 629, "_timestamp": 1698735060.2408032, "_runtime": 315.55315613746643, "_step": 3, "eval/loss": 0.23377855122089386, "eval/bleu": 86.9553, "eval/exact_match": 0.7199, "eval/spot_acc": 0.7217, "eval/gen_len": 15.9629, "eval/runtime": 47.4491, "eval/samples_per_second": 22.719, "eval/steps_per_second": 1.433}