{"train/loss": 0.07, "train/learning_rate": 1.630641536539044e-05, "train/epoch": 18.0, "train/global_step": 5661, "_timestamp": 1698737619.6260908, "_runtime": 2874.938443660736, "_step": 36, "eval/loss": 0.2343926578760147, "eval/bleu": 86.3914, "eval/exact_match": 0.7356, "eval/spot_acc": 0.7477, "eval/gen_len": 15.0659, "eval/runtime": 44.1569, "eval/samples_per_second": 24.413, "eval/steps_per_second": 1.54, "train/train_runtime": 2859.7397, "train/train_samples_per_second": 87.928, "train/train_steps_per_second": 5.49, "train/total_flos": 5248519947632640.0, "train/train_loss": 0.2004665188771679, "_wandb": {"runtime": 2874}}