{"train/loss": 0.0549, "train/learning_rate": 1.5208264701576237e-07, "train/epoch": 5.0, "train/global_step": 675, "_timestamp": 1698909992.6172245, "_runtime": 135.40975546836853, "_step": 10, "eval/loss": 0.031349219381809235, "eval/bleu": 96.3591, "eval/exact_match": 0.905, "eval/spot_acc": 0.905, "eval/gen_len": 13.8963, "eval/runtime": 11.0336, "eval/samples_per_second": 83.926, "eval/steps_per_second": 2.628, "train/train_runtime": 135.4178, "train/train_samples_per_second": 159.432, "train/train_steps_per_second": 4.985, "train/total_flos": 448692197990400.0, "train/train_loss": 0.4268734373869719, "_wandb": {"runtime": 217}}