{"train/loss": 0.0602, "train/learning_rate": 3.0020918812310676e-05, "train/epoch": 16.0, "train/global_step": 2520, "_timestamp": 1698677758.1530952, "_runtime": 1436.7294821739197, "_step": 32, "eval/loss": 0.07336419075727463, "eval/bleu": 88.836, "eval/exact_match": 0.7384, "eval/spot_acc": 0.7597, "eval/gen_len": 15.0965, "eval/runtime": 29.3873, "eval/samples_per_second": 36.683, "eval/steps_per_second": 2.314, "train/train_runtime": 1424.2095, "train/train_samples_per_second": 176.554, "train/train_steps_per_second": 5.512, "train/total_flos": 1476039180994560.0, "train/train_loss": 0.25885590598696756, "_wandb": {"runtime": 1435}}