{"train/loss": 0.0638, "train/learning_rate": 1.691898905869119e-05, "train/epoch": 14.0, "train/global_step": 1106, "_timestamp": 1698596598.6375947, "_runtime": 846.1470537185669, "_step": 28, "eval/loss": 0.06738966703414917, "eval/bleu": 89.0777, "eval/exact_match": 0.7282, "eval/spot_acc": 0.757, "eval/gen_len": 15.0464, "eval/runtime": 26.5657, "eval/samples_per_second": 40.579, "eval/steps_per_second": 2.56, "train/train_runtime": 833.3727, "train/train_samples_per_second": 150.863, "train/train_steps_per_second": 2.37, "train/total_flos": 1570693620787200.0, "train/train_loss": 0.13675207039762363, "_wandb": {"runtime": 845}}