{"train/loss": 0.058, "train/learning_rate": 7.334332245533184e-05, "train/epoch": 16.99, "train/global_step": 1338, "_timestamp": 1698670346.4399571, "_runtime": 987.0892672538757, "_step": 34, "eval/loss": 0.07686492055654526, "eval/bleu": 89.5258, "eval/exact_match": 0.7375, "eval/spot_acc": 0.7477, "eval/gen_len": 15.3052, "eval/runtime": 29.7049, "eval/samples_per_second": 36.29, "eval/steps_per_second": 2.289, "train/train_runtime": 976.2956, "train/train_samples_per_second": 257.555, "train/train_steps_per_second": 3.995, "train/total_flos": 1567276357570560.0, "train/train_loss": 0.23397484345999178, "_wandb": {"runtime": 986}}