{"train/loss": 2.2952, "train/learning_rate": 1.443693815841467e-06, "train/epoch": 24.76, "train/global_step": 1950, "_timestamp": 1698578524.2160025, "_runtime": 2249.4120984077454, "_step": 50, "eval/loss": 18.026256561279297, "eval/bleu": 0.435, "eval/exact_match": 0.0, "eval/spot_acc": 0.0, "eval/gen_len": 20.0, "eval/runtime": 29.7031, "eval/samples_per_second": 36.293, "eval/steps_per_second": 2.289, "train/train_runtime": 2234.9846, "train/train_samples_per_second": 56.253, "train/train_steps_per_second": 0.872, "train/total_flos": 2282863422228480.0, "train/train_loss": 2.5560266348031853, "_wandb": {"runtime": 2248}}