{"train/loss": 0.0599, "train/learning_rate": 4.81370130214655e-05, "train/epoch": 13.0, "train/global_step": 4095, "_timestamp": 1698605379.8327074, "_runtime": 1455.0841464996338, "_step": 26, "eval/loss": 0.07346600294113159, "eval/bleu": 88.573, "eval/exact_match": 0.7403, "eval/spot_acc": 0.7486, "eval/gen_len": 15.0195, "eval/runtime": 39.5662, "eval/samples_per_second": 27.245, "eval/steps_per_second": 1.719, "train/train_runtime": 1439.4158, "train/train_samples_per_second": 87.344, "train/train_steps_per_second": 5.471, "train/total_flos": 1198916937953280.0, "train/train_loss": 0.09829475672981533, "_wandb": {"runtime": 1453}}