{"train/loss": 0.058, "train/learning_rate": 4.840865650523741e-05, "train/epoch": 17.0, "train/global_step": 5346, "_timestamp": 1698689132.01839, "_runtime": 1341.7198278903961, "_step": 34, "eval/loss": 0.08102058619260788, "eval/bleu": 89.1848, "eval/exact_match": 0.743, "eval/spot_acc": 0.7579, "eval/gen_len": 15.1058, "eval/runtime": 29.1483, "eval/samples_per_second": 36.983, "eval/steps_per_second": 2.333, "train/train_runtime": 1329.6894, "train/train_samples_per_second": 189.104, "train/train_steps_per_second": 11.807, "train/total_flos": 1394988890480640.0, "train/train_loss": 0.18021382475630693, "_wandb": {"runtime": 1340}}