{"train/loss": 0.0628, "train/learning_rate": 0.00012388966620188776, "train/epoch": 14.99, "train/global_step": 592, "_timestamp": 1698682442.2128928, "_runtime": 677.6921277046204, "_step": 30, "eval/loss": 0.07526765763759613, "eval/bleu": 89.5321, "eval/exact_match": 0.731, "eval/spot_acc": 0.7941, "eval/gen_len": 15.0686, "eval/runtime": 28.3824, "eval/samples_per_second": 37.981, "eval/steps_per_second": 2.396, "train/train_runtime": 666.2346, "train/train_samples_per_second": 377.42, "train/train_steps_per_second": 2.927, "train/total_flos": 1684271922278400.0, "train/train_loss": 0.3020329032395337, "_wandb": {"runtime": 677}}