{"train/loss": 0.0453, "train/learning_rate": 0.00010223007668191848, "train/epoch": 24.0, "train/global_step": 1896, "_timestamp": 1698679015.19791, "_runtime": 1237.0626711845398, "_step": 48, "eval/loss": 0.09116113185882568, "eval/bleu": 89.3951, "eval/exact_match": 0.7347, "eval/spot_acc": 0.7904, "eval/gen_len": 15.2069, "eval/runtime": 30.4439, "eval/samples_per_second": 35.409, "eval/steps_per_second": 2.234, "train/train_runtime": 1225.0155, "train/train_samples_per_second": 205.263, "train/train_steps_per_second": 3.224, "train/total_flos": 2475817620756480.0, "train/train_loss": 0.1621127162553087, "_wandb": {"runtime": 1236}}