{"train/loss": 2.2239, "train/learning_rate": 0.00016120357339725463, "train/epoch": 9.0, "train/global_step": 2830, "_timestamp": 1698687892.8480833, "_runtime": 1737.732126235962, "_step": 18, "eval/loss": 13.636995315551758, "eval/bleu": 1.976, "eval/exact_match": 0.0, "eval/spot_acc": 0.0, "eval/gen_len": 20.0, "eval/runtime": 44.3034, "eval/samples_per_second": 24.332, "eval/steps_per_second": 1.535, "train/train_runtime": 1716.0453, "train/train_samples_per_second": 146.529, "train/train_steps_per_second": 9.149, "train/total_flos": 2622103450779648.0, "train/train_loss": 1.2432656008447438, "_wandb": {"runtime": 1736}}