{"train/loss": 2.3794, "train/learning_rate": 7.096359879538184e-06, "train/epoch": 9.0, "train/global_step": 711, "_timestamp": 1698566560.2039444, "_runtime": 697.94069647789, "_step": 17, "eval/loss": 19.63963508605957, "eval/bleu": 0.3591, "eval/exact_match": 0.0, "eval/spot_acc": 0.0, "eval/gen_len": 20.0, "eval/runtime": 21.7456, "eval/samples_per_second": 49.573, "eval/steps_per_second": 1.564, "_wandb": {"runtime": 759}}