{"train/loss": 0.0408, "train/learning_rate": 4.373285075583194e-05, "train/epoch": 24.0, "train/global_step": 7560, "_timestamp": 1698673888.6048021, "_runtime": 2301.23455119133, "_step": 48, "eval/loss": 0.10533752292394638, "eval/bleu": 88.9983, "eval/exact_match": 0.7384, "eval/spot_acc": 0.7449, "eval/gen_len": 15.0538, "eval/runtime": 31.2055, "eval/samples_per_second": 34.545, "eval/steps_per_second": 2.179, "train/train_runtime": 2289.3841, "train/train_samples_per_second": 109.833, "train/train_steps_per_second": 6.88, "train/total_flos": 2212019667486720.0, "train/train_loss": 0.1387270586831229, "_wandb": {"runtime": 2300}}