{"train/loss": 0.059, "train/learning_rate": 0.0001152088040124113, "train/epoch": 16.99, "train/global_step": 1338, "_timestamp": 1698590603.4968374, "_runtime": 1596.864101409912, "_step": 34, "eval/loss": 0.07799553126096725, "eval/bleu": 88.1895, "eval/exact_match": 0.7347, "eval/spot_acc": 0.7356, "eval/gen_len": 15.1327, "eval/runtime": 26.3465, "eval/samples_per_second": 40.916, "eval/steps_per_second": 2.581, "train/train_runtime": 1583.2864, "train/train_samples_per_second": 79.408, "train/train_steps_per_second": 1.232, "train/total_flos": 1567276357570560.0, "train/train_loss": 0.15951376004069376, "_wandb": {"runtime": 1595}}