{"train/loss": 0.0987, "train/learning_rate": 0.0003966757457261817, "train/epoch": 9.0, "train/global_step": 1417, "_timestamp": 1698675254.1744914, "_runtime": 626.6711285114288, "_step": 18, "eval/loss": 0.08698916435241699, "eval/bleu": 85.0518, "eval/exact_match": 0.7078, "eval/spot_acc": 0.7087, "eval/gen_len": 14.743, "eval/runtime": 29.6271, "eval/samples_per_second": 36.386, "eval/steps_per_second": 2.295, "train/train_runtime": 614.5729, "train/train_samples_per_second": 409.146, "train/train_steps_per_second": 12.773, "train/total_flos": 829011145697280.0, "train/train_loss": 0.24275118074706514, "_wandb": {"runtime": 626}}