{"train/loss": 0.0669, "train/learning_rate": 9.496047489423862e-06, "train/epoch": 20.0, "train/global_step": 6300, "_timestamp": 1698731645.0521946, "_runtime": 2562.1258816719055, "_step": 40, "eval/loss": 0.21187669038772583, "eval/bleu": 87.3265, "eval/exact_match": 0.7486, "eval/spot_acc": 0.7588, "eval/gen_len": 15.2013, "eval/runtime": 44.6258, "eval/samples_per_second": 24.156, "eval/steps_per_second": 1.524, "train/train_runtime": 2535.1104, "train/train_samples_per_second": 99.187, "train/train_steps_per_second": 6.213, "train/total_flos": 6557997136084992.0, "train/train_loss": 0.21839029342409164, "_wandb": {"runtime": 2561}}