{"train/loss": 0.0578, "train/learning_rate": 0.00010125863692431746, "train/epoch": 17.0, "train/global_step": 1343, "_timestamp": 1698684684.0308452, "_runtime": 2224.97238612175, "_step": 34, "eval/loss": 0.07957039773464203, "eval/bleu": 89.0315, "eval/exact_match": 0.7254, "eval/spot_acc": 0.7783, "eval/gen_len": 15.2096, "eval/runtime": 32.8349, "eval/samples_per_second": 32.831, "eval/steps_per_second": 2.071, "train/train_runtime": 2212.9932, "train/train_samples_per_second": 113.624, "train/train_steps_per_second": 1.785, "train/total_flos": 1908665061488640.0, "train/train_loss": 0.22512316899075938, "_wandb": {"runtime": 2224}}