{"train/loss": 0.0554, "train/learning_rate": 2.3419912903692315e-05, "train/epoch": 24.0, "train/global_step": 1260, "_timestamp": 1698687772.5408454, "_runtime": 1410.518595457077, "_step": 48, "eval/loss": 0.0747615396976471, "eval/bleu": 88.7193, "eval/exact_match": 0.7319, "eval/spot_acc": 0.7755, "eval/gen_len": 15.0028, "eval/runtime": 28.5856, "eval/samples_per_second": 37.711, "eval/steps_per_second": 2.379, "train/train_runtime": 1395.1911, "train/train_samples_per_second": 180.226, "train/train_steps_per_second": 1.864, "train/total_flos": 2212019667486720.0, "train/train_loss": 0.26584958973385037, "_wandb": {"runtime": 1409}}