{"train/loss": 0.0589, "train/learning_rate": 0.0001100357093574265, "train/epoch": 19.0, "train/global_step": 1501, "_timestamp": 1698592411.2390707, "_runtime": 1788.6966347694397, "_step": 38, "eval/loss": 0.09014927595853806, "eval/bleu": 87.7539, "eval/exact_match": 0.7059, "eval/spot_acc": 0.7069, "eval/gen_len": 14.8451, "eval/runtime": 27.5082, "eval/samples_per_second": 39.188, "eval/steps_per_second": 2.472, "train/train_runtime": 1774.975, "train/train_samples_per_second": 70.832, "train/train_steps_per_second": 1.113, "train/total_flos": 2134315782144000.0, "train/train_loss": 0.1664830712299995, "_wandb": {"runtime": 1787}}