{"train/loss": 0.0809, "train/learning_rate": 7.600909755546426e-05, "train/epoch": 17.99, "train/global_step": 1417, "_timestamp": 1698663648.4866588, "_runtime": 2597.1487576961517, "_step": 36, "eval/loss": 0.28802305459976196, "eval/bleu": 85.6008, "eval/exact_match": 0.7254, "eval/spot_acc": 0.7291, "eval/gen_len": 14.8581, "eval/runtime": 43.2262, "eval/samples_per_second": 24.939, "eval/steps_per_second": 1.573, "train/train_runtime": 2577.6277, "train/train_samples_per_second": 97.551, "train/train_steps_per_second": 1.513, "train/total_flos": 5901311533817856.0, "train/train_loss": 0.24075419716037488, "_wandb": {"runtime": 2596}}