{"train/loss": 0.4748, "train/learning_rate": 2.570806348552312e-07, "train/epoch": 2.0, "train/global_step": 316, "_timestamp": 1698558376.0397758, "_runtime": 72.61479473114014, "_step": 318, "eval/loss": 0.2065223902463913, "eval/bleu": 73.0528, "eval/exact_match": 0.4128, "eval/spot_acc": 0.4128, "eval/gen_len": 14.8683, "eval/runtime": 15.3227, "eval/samples_per_second": 70.353, "eval/steps_per_second": 2.219, "train/train_runtime": 72.6227, "train/train_samples_per_second": 138.497, "train/train_steps_per_second": 4.351, "train/total_flos": 204836914114560.0, "train/train_loss": 0.7971057387281067, "_wandb": {"runtime": 101}}