{"train/loss": 2.3828, "train/learning_rate": 0.0001524170306612776, "train/epoch": 6.0, "train/global_step": 948, "_timestamp": 1698638538.0292377, "_runtime": 950.0678248405457, "_step": 10, "eval/loss": 14.737022399902344, "eval/bleu": 0.4083, "eval/exact_match": 0.0, "eval/spot_acc": 0.0, "eval/gen_len": 20.0, "eval/runtime": 43.211, "eval/samples_per_second": 24.947, "eval/steps_per_second": 1.574}