{"train/loss": 0.7283, "train/learning_rate": 0.00035110231266261845, "train/epoch": 12.0, "train/global_step": 316, "_timestamp": 1698641802.5993905, "_runtime": 2071.1391015052795, "_step": 24, "eval/loss": 0.9723966121673584, "eval/bleu": 14.8897, "eval/exact_match": 0.0009, "eval/spot_acc": 0.0009, "eval/gen_len": 15.0, "eval/runtime": 35.0747, "eval/samples_per_second": 30.734, "eval/steps_per_second": 1.939, "train/train_runtime": 2052.7611, "train/train_samples_per_second": 122.494, "train/train_steps_per_second": 0.633, "train/total_flos": 4386314948763648.0, "train/train_loss": 0.659719934946374, "_wandb": {"runtime": 2070}}