{"train/loss": 0.0736, "train/learning_rate": 4.428495775779046e-06, "train/epoch": 16.0, "train/global_step": 1260, "_timestamp": 1698600100.0219536, "_runtime": 1067.6131386756897, "_step": 32, "eval/loss": 0.06705351918935776, "eval/bleu": 88.7127, "eval/exact_match": 0.7273, "eval/spot_acc": 0.7486, "eval/gen_len": 15.2032, "eval/runtime": 25.662, "eval/samples_per_second": 42.008, "eval/steps_per_second": 2.65, "train/train_runtime": 1054.1254, "train/train_samples_per_second": 119.269, "train/train_steps_per_second": 1.85, "train/total_flos": 1476039180994560.0, "train/train_loss": 0.16732772267053997, "_wandb": {"runtime": 1066}}