{"train/loss": 0.5186, "train/learning_rate": 0.0002102604184434894, "train/epoch": 11.0, "train/global_step": 866, "_timestamp": 1698676316.461631, "_runtime": 1441.1458780765533, "_step": 22, "eval/loss": 0.4729371964931488, "eval/bleu": 21.001, "eval/exact_match": 0.0009, "eval/spot_acc": 0.0009, "eval/gen_len": 16.0, "eval/runtime": 35.3433, "eval/samples_per_second": 30.501, "eval/steps_per_second": 1.924, "train/train_runtime": 1418.0641, "train/train_samples_per_second": 177.319, "train/train_steps_per_second": 2.75, "train/total_flos": 3600259127427072.0, "train/train_loss": 0.500322467460368, "_wandb": {"runtime": 1440}}