{"train/loss": 0.0634, "train/learning_rate": 5.49399708814011e-05, "train/epoch": 18.0, "train/global_step": 237, "_timestamp": 1698686349.5719092, "_runtime": 1642.8483102321625, "_step": 36, "eval/loss": 0.06646101921796799, "eval/bleu": 88.7159, "eval/exact_match": 0.7347, "eval/spot_acc": 0.7616, "eval/gen_len": 15.0501, "eval/runtime": 29.0764, "eval/samples_per_second": 37.075, "eval/steps_per_second": 2.339, "train/train_runtime": 1628.7005, "train/train_samples_per_second": 154.387, "train/train_steps_per_second": 0.399, "train/total_flos": 2021238845982720.0, "train/train_loss": 0.48170457786648585, "_wandb": {"runtime": 1641}}