{"train/loss": 0.0383, "train/learning_rate": 5.641422854791768e-05, "train/epoch": 29.97, "train/global_step": 592, "_timestamp": 1698680340.9793203, "_runtime": 1317.565315246582, "_step": 60, "eval/loss": 0.10338995605707169, "eval/bleu": 88.7093, "eval/exact_match": 0.7282, "eval/spot_acc": 0.7328, "eval/gen_len": 15.0872, "eval/runtime": 29.2756, "eval/samples_per_second": 36.822, "eval/steps_per_second": 2.323, "train/train_runtime": 1305.529, "train/train_samples_per_second": 192.604, "train/train_steps_per_second": 0.728, "train/total_flos": 3365437404026880.0, "train/train_loss": 0.2290995456278324, "_wandb": {"runtime": 1317}}