{"train/loss": 0.0782, "train/learning_rate": 3.010303480797229e-05, "train/epoch": 14.99, "train/global_step": 787, "_timestamp": 1698656757.0893586, "_runtime": 1958.6810476779938, "_step": 30, "eval/loss": 0.21977519989013672, "eval/bleu": 88.378, "eval/exact_match": 0.7486, "eval/spot_acc": 0.7783, "eval/gen_len": 14.962, "eval/runtime": 42.5097, "eval/samples_per_second": 25.359, "eval/steps_per_second": 1.6, "train/train_runtime": 1941.1474, "train/train_samples_per_second": 129.537, "train/train_steps_per_second": 1.339, "train/total_flos": 4917826980814848.0, "train/train_loss": 0.321863856067197, "_wandb": {"runtime": 1958}}