{"train/loss": 0.4748, "train/learning_rate": 2.570806348552312e-07, "train/epoch": 2.0, "train/global_step": 316, "_timestamp": 1698555769.0522747, "_runtime": 72.95105266571045, "_step": 318, "eval/loss": 0.2065223902463913, "eval/bleu": 73.0528, "eval/exact_match": 0.4128, "eval/spot_acc": 0.4128, "eval/gen_len": 14.8683, "eval/runtime": 15.1005, "eval/samples_per_second": 71.388, "eval/steps_per_second": 2.252, "train/train_runtime": 72.9589, "train/train_samples_per_second": 137.858, "train/train_steps_per_second": 4.331, "train/total_flos": 204836914114560.0, "train/train_loss": 0.7971057387281067, "_wandb": {"runtime": 101}}