{"train/loss": 0.2685, "train/learning_rate": 9.680405734378593e-05, "train/epoch": 15.0, "train/global_step": 2358, "_timestamp": 1698686134.3080177, "_runtime": 4304.039413690567, "_step": 30, "eval/loss": 0.5947219133377075, "eval/bleu": 28.1843, "eval/exact_match": 0.0, "eval/spot_acc": 0.0, "eval/gen_len": 16.0, "eval/runtime": 35.3439, "eval/samples_per_second": 30.5, "eval/steps_per_second": 1.924, "train/train_runtime": 4284.3783, "train/train_samples_per_second": 58.69, "train/train_steps_per_second": 1.832, "train/total_flos": 4373255180697600.0, "train/train_loss": 0.23625309412716, "_wandb": {"runtime": 4303}}