{"train/loss": 0.0768, "train/learning_rate": 2.148615311451962e-05, "train/epoch": 14.99, "train/global_step": 296, "_timestamp": 1698674616.783849, "_runtime": 718.1963720321655, "_step": 30, "eval/loss": 0.06969588994979858, "eval/bleu": 88.51, "eval/exact_match": 0.7328, "eval/spot_acc": 0.756, "eval/gen_len": 15.0649, "eval/runtime": 27.1587, "eval/samples_per_second": 39.693, "eval/steps_per_second": 2.504, "train/train_runtime": 706.3996, "train/train_samples_per_second": 355.96, "train/train_steps_per_second": 1.345, "train/total_flos": 1684271922278400.0, "train/train_loss": 0.6892891236253686, "_wandb": {"runtime": 717}}