{"train/loss": 0.1289, "train/learning_rate": 0.00015339240040315366, "train/epoch": 10.0, "train/global_step": 1048, "_timestamp": 1698672323.0007458, "_runtime": 1954.1553208827972, "_step": 20, "eval/loss": 0.32651206851005554, "eval/bleu": 85.9588, "eval/exact_match": 0.7477, "eval/spot_acc": 0.7644, "eval/gen_len": 14.8089, "eval/runtime": 43.401, "eval/samples_per_second": 24.838, "eval/steps_per_second": 1.567, "train/train_runtime": 1933.1856, "train/train_samples_per_second": 130.07, "train/train_steps_per_second": 2.69, "train/total_flos": 2913291201183744.0, "train/train_loss": 0.3455182532317766, "_wandb": {"runtime": 1953}}