{"train/loss": 0.0537, "train/learning_rate": 5.347172776911407e-05, "train/epoch": 15.0, "train/global_step": 2358, "_timestamp": 1698595739.2760625, "_runtime": 1560.7868015766144, "_step": 30, "eval/loss": 0.07996228337287903, "eval/bleu": 86.8654, "eval/exact_match": 0.7282, "eval/spot_acc": 0.7319, "eval/gen_len": 14.8061, "eval/runtime": 25.9892, "eval/samples_per_second": 41.479, "eval/steps_per_second": 2.616, "train/train_runtime": 1546.5529, "train/train_samples_per_second": 81.294, "train/train_steps_per_second": 2.538, "train/total_flos": 1230653006069760.0, "train/train_loss": 0.09480502021019493, "_wandb": {"runtime": 1559}}