{"train/loss": 0.0645, "train/learning_rate": 3.653474963079987e-05, "train/epoch": 22.99, "train/global_step": 908, "_timestamp": 1698648503.8471003, "_runtime": 2936.624094247818, "_step": 45, "eval/loss": 0.17940853536128998, "eval/bleu": 86.9069, "eval/exact_match": 0.7384, "eval/spot_acc": 0.7505, "eval/gen_len": 15.3145, "eval/runtime": 41.6564, "eval/samples_per_second": 25.878, "eval/steps_per_second": 1.632, "_wandb": {"runtime": 3010}}