{"train/loss": 0.0549, "train/learning_rate": 1.5208264701576237e-07, "train/epoch": 5.0, "train/global_step": 675, "_timestamp": 1698780949.5152495, "_runtime": 138.09125137329102, "_step": 10, "eval/loss": 0.031349219381809235, "eval/bleu": 96.3591, "eval/exact_match": 0.905, "eval/spot_acc": 0.905, "eval/gen_len": 13.8963, "eval/runtime": 11.4452, "eval/samples_per_second": 80.907, "eval/steps_per_second": 2.534, "train/train_runtime": 138.0991, "train/train_samples_per_second": 156.337, "train/train_steps_per_second": 4.888, "train/total_flos": 448692197990400.0, "train/train_loss": 0.4268734373869719, "_wandb": {"runtime": 308}}