{"train/loss": 0.0578, "train/learning_rate": 0.00013337896833025262, "train/epoch": 16.0, "train/global_step": 840, "_timestamp": 1698681232.1048791, "_runtime": 871.673849105835, "_step": 32, "eval/loss": 0.08333602547645569, "eval/bleu": 89.0525, "eval/exact_match": 0.7347, "eval/spot_acc": 0.7931, "eval/gen_len": 15.1614, "eval/runtime": 29.4868, "eval/samples_per_second": 36.559, "eval/steps_per_second": 2.306, "train/train_runtime": 860.0847, "train/train_samples_per_second": 292.355, "train/train_steps_per_second": 3.023, "train/total_flos": 1476039180994560.0, "train/train_loss": 0.23757468802588327, "_wandb": {"runtime": 871}}