{"train/loss": 2.3392, "train/learning_rate": 0.0003905021325553587, "train/epoch": 15.0, "train/global_step": 1185, "_timestamp": 1698587391.232161, "_runtime": 1061.6083180904388, "_step": 30, "eval/loss": 8.925929069519043, "eval/bleu": 0.3146, "eval/exact_match": 0.0, "eval/spot_acc": 0.0, "eval/gen_len": 20.0, "eval/runtime": 29.9916, "eval/samples_per_second": 35.943, "eval/steps_per_second": 2.267, "train/train_runtime": 1046.219, "train/train_samples_per_second": 120.171, "train/train_steps_per_second": 1.888, "train/total_flos": 1684271922278400.0, "train/train_loss": 2.513574424775844, "_wandb": {"runtime": 1060}}