{"train/loss": 1.6025, "train/learning_rate": 3.473416086381503e-05, "train/epoch": 1.0, "train/global_step": 158, "_timestamp": 1698667149.3684206, "_runtime": 42.64973449707031, "_step": 0, "_wandb": {"runtime": 64}}