{"train/loss": 0.1016, "train/learning_rate": 0.00023764267484861767, "train/epoch": 8.0, "train/global_step": 5032, "_timestamp": 1698669347.8048916, "_runtime": 738.100590467453, "_step": 16, "eval/loss": 0.08229659497737885, "eval/bleu": 87.6023, "eval/exact_match": 0.7338, "eval/spot_acc": 0.7365, "eval/gen_len": 14.8896, "eval/runtime": 31.8309, "eval/samples_per_second": 33.866, "eval/steps_per_second": 2.136, "train/train_runtime": 727.2255, "train/train_samples_per_second": 345.766, "train/train_steps_per_second": 43.247, "train/total_flos": 656698074439680.0, "train/train_loss": 0.22233952702702703, "_wandb": {"runtime": 737}}