{"train/loss": 7.1354, "train/learning_rate": 1.624749612285061e-05, "train/epoch": 0.01, "train/global_step": 5, "_timestamp": 1698514892.5215733, "_runtime": 5.375055313110352, "_step": 4, "_wandb": {"runtime": 4}}