{"train/loss": 0.0613, "train/learning_rate": 6.030937079784605e-05, "train/epoch": 16.0, "train/global_step": 632, "_timestamp": 1698648039.956505, "_runtime": 1318.368054151535, "_step": 32, "eval/loss": 0.06946858018636703, "eval/bleu": 89.5315, "eval/exact_match": 0.744, "eval/spot_acc": 0.8006, "eval/gen_len": 15.1085, "eval/runtime": 27.0396, "eval/samples_per_second": 39.868, "eval/steps_per_second": 2.515, "train/train_runtime": 1303.0319, "train/train_samples_per_second": 192.973, "train/train_steps_per_second": 1.497, "train/total_flos": 1796083536199680.0, "train/train_loss": 0.3467152744908876, "_wandb": {"runtime": 1317}}