{"train/loss": 0.0572, "train/learning_rate": 3.688912199084565e-05, "train/epoch": 28.0, "train/global_step": 8820, "_timestamp": 1698670344.548888, "_runtime": 3882.293683052063, "_step": 56, "eval/loss": 0.3214598298072815, "eval/bleu": 86.5031, "eval/exact_match": 0.7273, "eval/spot_acc": 0.7347, "eval/gen_len": 16.2375, "eval/runtime": 39.1851, "eval/samples_per_second": 27.51, "eval/steps_per_second": 1.735, "train/train_runtime": 3863.9615, "train/train_samples_per_second": 65.076, "train/train_steps_per_second": 4.076, "train/total_flos": 9177425567121408.0, "train/train_loss": 0.14553155380041422, "_wandb": {"runtime": 3881}}