{"train/loss": 0.1411, "train/learning_rate": 7.206593357646537e-05, "train/epoch": 7.0, "train/global_step": 2205, "_timestamp": 1698667444.5533557, "_runtime": 982.2981507778168, "_step": 13, "eval/loss": 0.2104092389345169, "eval/bleu": 86.7586, "eval/exact_match": 0.7245, "eval/spot_acc": 0.7393, "eval/gen_len": 15.1336, "eval/runtime": 39.4815, "eval/samples_per_second": 27.304, "eval/steps_per_second": 1.722}