{"train/loss": 0.0737, "train/learning_rate": 2.4170800553706412e-05, "train/epoch": 16.97, "train/global_step": 447, "_timestamp": 1698645552.644866, "_runtime": 3718.478730916977, "_step": 34, "eval/loss": 0.23881562054157257, "eval/bleu": 87.9524, "eval/exact_match": 0.7347, "eval/spot_acc": 0.7681, "eval/gen_len": 14.8868, "eval/runtime": 53.9544, "eval/samples_per_second": 19.98, "eval/steps_per_second": 1.26, "train/train_runtime": 3696.0752, "train/train_samples_per_second": 68.032, "train/train_steps_per_second": 0.352, "train/total_flos": 6219183875948544.0, "train/train_loss": 0.3542334238688151, "_wandb": {"runtime": 3717}}