{"train/loss": 0.1519, "train/learning_rate": 0.0001251545544720605, "train/epoch": 8.0, "train/global_step": 2520, "_timestamp": 1698736682.6900973, "_runtime": 981.9366624355316, "_step": 15, "eval/loss": 0.26089707016944885, "eval/bleu": 86.4881, "eval/exact_match": 0.718, "eval/spot_acc": 0.7199, "eval/gen_len": 15.4601, "eval/runtime": 47.0243, "eval/samples_per_second": 22.924, "eval/steps_per_second": 1.446}