{"train/loss": 0.0612, "train/learning_rate": 1.3277576285820723e-05, "train/epoch": 18.99, "train/global_step": 750, "_timestamp": 1698602114.6973774, "_runtime": 2000.5331873893738, "_step": 38, "eval/loss": 0.06879415363073349, "eval/bleu": 88.7426, "eval/exact_match": 0.7282, "eval/spot_acc": 0.7644, "eval/gen_len": 15.1577, "eval/runtime": 26.1816, "eval/samples_per_second": 41.174, "eval/steps_per_second": 2.597, "train/train_runtime": 1986.4665, "train/train_samples_per_second": 63.291, "train/train_steps_per_second": 0.491, "train/total_flos": 1959450034913280.0, "train/train_loss": 0.12548882738749187, "_wandb": {"runtime": 1999}}