{"train/loss": 0.3401, "train/learning_rate": 8.380828696280537e-06, "train/epoch": 1.0, "train/global_step": 158, "_timestamp": 1698554516.6882508, "_runtime": 25.119508743286133, "_step": 157, "_wandb": {"runtime": 37}}