{"train/loss": 0.0867, "train/learning_rate": 0.0004938994646797859, "train/epoch": 8.99, "train/global_step": 472, "_timestamp": 1698646556.4218113, "_runtime": 812.0020883083344, "_step": 16, "eval/loss": 0.07875070720911026, "eval/bleu": 86.8733, "eval/exact_match": 0.7152, "eval/spot_acc": 0.7199, "eval/gen_len": 15.1345, "eval/runtime": 25.8638, "eval/samples_per_second": 41.68, "eval/steps_per_second": 2.629}