{"train/loss": 0.0478, "train/learning_rate": 8.246471811617427e-05, "train/epoch": 23.0, "train/global_step": 3634, "_timestamp": 1698570181.1071014, "_runtime": 2486.211471557617, "_step": 45, "eval/loss": 0.08957041800022125, "eval/bleu": 88.5351, "eval/exact_match": 0.7236, "eval/spot_acc": 0.7273, "eval/gen_len": 15.0371, "eval/runtime": 27.6287, "eval/samples_per_second": 39.017, "eval/steps_per_second": 2.461, "_wandb": {"runtime": 2491}}