{"train/loss": 2.3144, "train/learning_rate": 1.2223608577020331e-06, "train/epoch": 24.96, "train/global_step": 7850, "_timestamp": 1698576251.7745981, "_runtime": 3216.9825990200043, "_step": 50, "eval/loss": 11.925272941589355, "eval/bleu": 0.5191, "eval/exact_match": 0.0, "eval/spot_acc": 0.0, "eval/gen_len": 20.0, "eval/runtime": 30.1537, "eval/samples_per_second": 35.75, "eval/steps_per_second": 2.255, "train/train_runtime": 3201.0776, "train/train_samples_per_second": 39.276, "train/train_steps_per_second": 2.452, "train/total_flos": 2047814185697280.0, "train/train_loss": 2.367852549947751, "_wandb": {"runtime": 3215}}