{"train/loss": 0.0725, "train/learning_rate": 2.0408817883682118e-05, "train/epoch": 17.0, "train/global_step": 2677, "_timestamp": 1698666436.624072, "_runtime": 2777.7491040229797, "_step": 34, "eval/loss": 0.256326824426651, "eval/bleu": 86.65, "eval/exact_match": 0.7254, "eval/spot_acc": 0.7403, "eval/gen_len": 15.1985, "eval/runtime": 42.2141, "eval/samples_per_second": 25.536, "eval/steps_per_second": 1.611, "train/train_runtime": 2759.8777, "train/train_samples_per_second": 91.109, "train/train_steps_per_second": 2.844, "train/total_flos": 5572430131003392.0, "train/train_loss": 0.24135964799381524, "_wandb": {"runtime": 2777}}