{"train/loss": 0.0105, "train/learning_rate": 1.520352101327256e-08, "train/epoch": 50.0, "train/global_step": 6750, "_timestamp": 1698911785.9170043, "_runtime": 1306.2232103347778, "_step": 100, "eval/loss": 0.01412883959710598, "eval/bleu": 97.5506, "eval/exact_match": 0.9212, "eval/spot_acc": 0.9212, "eval/gen_len": 13.8607, "eval/runtime": 10.8039, "eval/samples_per_second": 85.71, "eval/steps_per_second": 2.684, "train/train_runtime": 1306.2311, "train/train_samples_per_second": 165.285, "train/train_steps_per_second": 5.168, "train/total_flos": 4496324068454400.0, "train/train_loss": 0.10245871393768875, "_wandb": {"runtime": 1389}}