{"train/loss": 0.0605, "train/learning_rate": 5.63071953381536e-05, "train/epoch": 16.0, "train/global_step": 1260, "_timestamp": 1698676308.0108392, "_runtime": 1042.9102683067322, "_step": 32, "eval/loss": 0.07531524449586868, "eval/bleu": 88.748, "eval/exact_match": 0.7384, "eval/spot_acc": 0.7968, "eval/gen_len": 14.9536, "eval/runtime": 30.533, "eval/samples_per_second": 35.306, "eval/steps_per_second": 2.227, "train/train_runtime": 1031.1045, "train/train_samples_per_second": 243.865, "train/train_steps_per_second": 3.782, "train/total_flos": 1476039180994560.0, "train/train_loss": 0.2660558125329396, "_wandb": {"runtime": 1042}}