{"train/loss": 0.6435, "train/learning_rate": 0.00042855706107141006, "train/epoch": 12.99, "train/global_step": 342, "_timestamp": 1698681814.5126216, "_runtime": 1044.2132306098938, "_step": 26, "eval/loss": 0.4855120778083801, "eval/bleu": 17.4287, "eval/exact_match": 0.0009, "eval/spot_acc": 0.0009, "eval/gen_len": 15.0, "eval/runtime": 33.44, "eval/samples_per_second": 32.237, "eval/steps_per_second": 2.033, "train/train_runtime": 1023.3048, "train/train_samples_per_second": 245.723, "train/train_steps_per_second": 1.27, "train/total_flos": 4750892204433408.0, "train/train_loss": 0.674251457403975, "_wandb": {"runtime": 1043}}