{"train/loss": 2.6895, "train/learning_rate": 0.00045827164976087266, "train/epoch": 8.0, "train/global_step": 632, "_timestamp": 1698654780.3947134, "_runtime": 1285.3211193084717, "_step": 16, "eval/loss": 10.525970458984375, "eval/bleu": 0.4014, "eval/exact_match": 0.0, "eval/spot_acc": 0.0, "eval/gen_len": 20.0, "eval/runtime": 44.424, "eval/samples_per_second": 24.266, "eval/steps_per_second": 1.531, "train/train_runtime": 1265.5881, "train/train_samples_per_second": 198.682, "train/train_steps_per_second": 3.121, "train/total_flos": 2919809445494784.0, "train/train_loss": 1.4074426934688906, "_wandb": {"runtime": 1284}}