{"train/loss": 0.0567, "train/learning_rate": 0.00018498673881888882, "train/epoch": 18.0, "train/global_step": 237, "_timestamp": 1698653059.0514417, "_runtime": 1360.5681767463684, "_step": 36, "eval/loss": 0.07428190857172012, "eval/bleu": 88.5033, "eval/exact_match": 0.7356, "eval/spot_acc": 0.7384, "eval/gen_len": 14.9629, "eval/runtime": 26.3892, "eval/samples_per_second": 40.85, "eval/steps_per_second": 2.577, "train/train_runtime": 1344.2793, "train/train_samples_per_second": 187.052, "train/train_steps_per_second": 0.484, "train/total_flos": 2021238845982720.0, "train/train_loss": 0.33212771772835326, "_wandb": {"runtime": 1359}}