{"train/loss": 2.2345, "train/learning_rate": 1.0986561536439528e-06, "train/epoch": 10.0, "train/global_step": 3150, "_timestamp": 1698565841.1274107, "_runtime": 866.57048869133, "_step": 20, "eval/loss": 20.26218605041504, "eval/bleu": 0.1623, "eval/exact_match": 0.0, "eval/spot_acc": 0.0, "eval/gen_len": 20.0, "eval/runtime": 20.7658, "eval/samples_per_second": 51.912, "eval/steps_per_second": 1.637, "train/train_runtime": 798.0697, "train/train_samples_per_second": 63.015, "train/train_steps_per_second": 3.947, "train/total_flos": 922219247738880.0, "train/train_loss": 2.4773576040116567, "_wandb": {"runtime": 865}}