{"train/loss": 0.0591, "train/learning_rate": 2.9507585364430177e-05, "train/epoch": 20.0, "train/global_step": 1050, "_timestamp": 1698690216.1184077, "_runtime": 1070.8861117362976, "_step": 40, "eval/loss": 0.07132036983966827, "eval/bleu": 89.1136, "eval/exact_match": 0.731, "eval/spot_acc": 0.7913, "eval/gen_len": 15.0761, "eval/runtime": 28.2435, "eval/samples_per_second": 38.168, "eval/steps_per_second": 2.408, "train/train_runtime": 1058.7212, "train/train_samples_per_second": 237.504, "train/train_steps_per_second": 2.456, "train/total_flos": 1844362873866240.0, "train/train_loss": 0.30267186777932303, "_wandb": {"runtime": 1070}}