{"train/loss": 0.0285, "train/learning_rate": 1.1075805314531366e-07, "train/epoch": 24.92, "train/global_step": 3925, "_timestamp": 1698581139.078045, "_runtime": 2604.9828169345856, "_step": 50, "eval/loss": 0.12710900604724884, "eval/bleu": 88.4837, "eval/exact_match": 0.7282, "eval/spot_acc": 0.7319, "eval/gen_len": 15.154, "eval/runtime": 25.668, "eval/samples_per_second": 41.998, "eval/steps_per_second": 2.649, "train/train_runtime": 2591.8772, "train/train_samples_per_second": 48.507, "train/train_steps_per_second": 1.514, "train/total_flos": 2297401825904640.0, "train/train_loss": 0.07541192315945959, "_wandb": {"runtime": 2604}}