{"train/loss": 0.0777, "train/learning_rate": 0.00025544099328297763, "train/epoch": 8.99, "train/global_step": 708, "_timestamp": 1698681754.4361875, "_runtime": 509.9622983932495, "_step": 18, "eval/loss": 0.07365590333938599, "eval/bleu": 87.8892, "eval/exact_match": 0.7375, "eval/spot_acc": 0.7393, "eval/gen_len": 15.1512, "eval/runtime": 31.1286, "eval/samples_per_second": 34.63, "eval/steps_per_second": 2.184, "train/train_runtime": 498.4306, "train/train_samples_per_second": 504.483, "train/train_steps_per_second": 7.825, "train/total_flos": 829011145697280.0, "train/train_loss": 0.28587070225322314, "_wandb": {"runtime": 509}}