{"train/loss": 2.4205, "train/learning_rate": 0.0004574162427078879, "train/epoch": 9.0, "train/global_step": 711, "_timestamp": 1698661027.0199444, "_runtime": 1475.5725865364075, "_step": 18, "eval/loss": 18.193967819213867, "eval/bleu": 0.3775, "eval/exact_match": 0.0, "eval/spot_acc": 0.0, "eval/gen_len": 20.0, "eval/runtime": 46.8999, "eval/samples_per_second": 22.985, "eval/steps_per_second": 1.45, "train/train_runtime": 1458.232, "train/train_samples_per_second": 172.435, "train/train_steps_per_second": 2.709, "train/total_flos": 3588731570036736.0, "train/train_loss": 1.6247719229525153, "_wandb": {"runtime": 1474}}